reasoning_id,created_at,scenario,company_name,ticker,market,scenario_type,model,confidence_level,confidence_score,status,response_path,error_message
REASON_20260608T125915Z0000_3f1131c6,2026-06-08T12:59:15+00:00,What financial risks could appear if interest rates rise?,,,,interest_rate_change,llama3.1:8b,low,0.37,success,data/reasoning_outputs/responses/REASON_20260608T125915Z0000_3f1131c6.json,
REASON_20260608T130127Z0000_3f1131c6,2026-06-08T13:01:27+00:00,What financial risks could appear if interest rates rise?,,,,interest_rate_change,llama3.1:8b,low,0.12,guarded,data/reasoning_outputs/responses/REASON_20260608T130127Z0000_3f1131c6.json,
REASON_20260608T130253Z0000_3f1131c6,2026-06-08T13:02:53+00:00,What financial risks could appear if interest rates rise?,,,,interest_rate_change,llama3.1:8b,medium,0.52,success,data/reasoning_outputs/responses/REASON_20260608T130253Z0000_3f1131c6.json,
REASON_20260608T130339Z0000_3f1131c6,2026-06-08T13:03:39+00:00,What financial risks could appear if interest rates rise?,,,,interest_rate_change,llama3.1:8b,medium,0.52,success,data/reasoning_outputs/responses/REASON_20260608T130339Z0000_3f1131c6.json,
REASON_20260608T130452Z0000_3f1131c6,2026-06-08T13:04:52+00:00,What financial risks could appear if interest rates rise?,,,,interest_rate_change,llama3.1:8b,low,0.37,success,data/reasoning_outputs/responses/REASON_20260608T130452Z0000_3f1131c6.json,
REASON_20260608T162649Z0000_3f1131c6,2026-06-08T16:26:49+00:00,What financial risks could appear if interest rates rise?,,,,interest_rate_change,llama3.1:8b,low,0.37,success,data/reasoning_outputs/responses/REASON_20260608T162649Z0000_3f1131c6.json,
REASON_20260608T162732Z0000_3f1131c6,2026-06-08T16:27:32+00:00,What financial risks could appear if interest rates rise?,,,,interest_rate_change,llama3.1:8b,medium,0.52,success,data/reasoning_outputs/responses/REASON_20260608T162732Z0000_3f1131c6.json,
REASON_20260608T162905Z0000_3f1131c6,2026-06-08T16:29:05+00:00,What financial risks could appear if interest rates rise?,,,,interest_rate_change,llama3.1:8b,low,0.37,success,data/reasoning_outputs/responses/REASON_20260608T162905Z0000_3f1131c6.json,
REASON_20260608T163112Z0000_3f1131c6,2026-06-08T16:31:12+00:00,What financial risks could appear if interest rates rise?,,,,interest_rate_change,llama3.1:8b,low,0.37,success,data/reasoning_outputs/responses/REASON_20260608T163112Z0000_3f1131c6.json,
